numberOfthread;Time_Sec
1;0.01
2;0.013000000000000001
3;0.01
4;0.001
5;0.014
6;0.136
7;0.037
8;0.07100000000000001
9;0.028