Number_Thread,Time_Sec
1,0.0
2,0.0692495
3,0.044575300000000005
4,0.055269000000000006
5,0.1248612
6,0.046926300000000004
7,0.2135957
8,0.11550510000000001
9,1.0218554
10,0.08857200000000001
11,0.4602029
12,0.09290040000000001
13,0.6247289
14,0.17308210000000002
15,1.6579196
16,0.13869230000000002
17,0.5411164
18,0.004157
19,0.3665002
20,3.1662254